Country Name,Capital,Country Name in Capital,Continent,Region,Population #,Largest Country,Landlocked,Primary Religion,Countries on the equator,Island Nation,Borders China,Borders Russia,Number of Bordering Countries,To Host Olympics,World Cup Winner,NATO Member,Image Url
Afghanistan,Kabul,No,Asia,Southern Asia,36,40,Yes,Islam,No,No,Yes,No,6,No,No,No,https://upload.wikimedia.org/wikipedia/commons/thumb/c/cd/Flag_of_Afghanistan_%282013%E2%80%932021%29.svg/1920px-Flag_of_Afghanistan_%282013%E2%80%932021%29.svg.png
Albania,Tirana,No,Europe,Southern Europe,141,140,No,Islam,No,No,No,No,4,No,No,Yes,https://en.wikipedia.org/wiki/File:Flag_of_Albania.svg
Algeria,Algiers,Yes,Africa,North Africa,33,10,No,Islam,No,No,No,No,7,No,No,No,https://upload.wikimedia.org/wikipedia/commons/thumb/7/77/Flag_of_Algeria.svg/500px-Flag_of_Algeria.svg.png
Andorra,Andorra la Vella,Yes,Europe,Southern Europe,185,179,Yes,Chirstianity,No,No,No,No,2,No,No,No,https://upload.wikimedia.org/wikipedia/commons/thumb/1/19/Flag_of_Andorra.svg/500px-Flag_of_Andorra.svg.png
Angola,Luanda,No,Africa,Central Africa,39,22,No,Chirstianity,No,No,No,No,4,No,No,No,https://upload.wikimedia.org/wikipedia/commons/thumb/9/9d/Flag_of_Angola.svg/500px-Flag_of_Angola.svg.png
Antigua and Barbuda,Saint John's,No,North America,Caribbean,184,182,No,Chirstianity,No,Yes,No,No,0,No,No,No,https://upload.wikimedia.org/wikipedia/commons/thumb/8/89/Flag_of_Antigua_and_Barbuda.svg/500px-Flag_of_Antigua_and_Barbuda.svg.png
Argentina,Buenos Aires,No,South America,,35,8,No,Chirstianity,No,No,No,No,5,No,Yes,No,https://upload.wikimedia.org/wikipedia/commons/thumb/1/1a/Flag_of_Argentina.svg/500px-Flag_of_Argentina.svg.png
Armenia,Yerevan,No,Asia,Western Asia,137,138,Yes,Chirstianity,No,No,No,No,4,No,No,No,https://upload.wikimedia.org/wikipedia/commons/thumb/2/2f/Flag_of_Armenia.svg/500px-Flag_of_Armenia.svg.png
Australia,Canberra,No,Oceania,,55,6,No,Chirstianity,No,No,No,No,0,Yes,No,No,https://upload.wikimedia.org/wikipedia/commons/thumb/8/88/Flag_of_Australia_%28converted%29.svg/500px-Flag_of_Australia_%28converted%29.svg.png
Austria,Vienna,No,Europe,Western Europe,98,113,Yes,Chirstianity,No,No,No,No,8,Yes,No,No,https://upload.wikimedia.org/wikipedia/commons/thumb/4/41/Flag_of_Austria.svg/500px-Flag_of_Austria.svg.png
Azerbaijan,Baku,No,Asia,Western Asia,93,112,Yes,Islam,No,No,No,No,5,No,No,No,https://upload.wikimedia.org/wikipedia/commons/thumb/d/dd/Flag_of_Azerbaijan.svg/500px-Flag_of_Azerbaijan.svg.png
Bahamas,Nassau,No,North America,Caribbean,171,155,No,Chirstianity,No,Yes,No,Yes,0,No,No,No,https://upload.wikimedia.org/wikipedia/commons/thumb/9/93/Flag_of_the_Bahamas.svg/500px-Flag_of_the_Bahamas.svg.png
Bahrain,Manama,No,Asia,Middle East,150,173,No,Islam,No,Yes,No,No,0,No,No,No,https://upload.wikimedia.org/wikipedia/commons/thumb/2/2c/Flag_of_Bahrain.svg/500px-Flag_of_Bahrain.svg.png
Bangladesh,Dhaka,No,Asia,Southern Asia,8,92,No,Islam,No,No,No,No,2,No,No,No,https://upload.wikimedia.org/wikipedia/commons/thumb/f/f9/Flag_of_Bangladesh.svg/500px-Flag_of_Bangladesh.svg.png
Barbados,Bridgetown,No,North America,Caribbean,174,183,No,Chirstianity,No,Yes,No,No,0,No,No,No,https://upload.wikimedia.org/wikipedia/commons/thumb/e/ef/Flag_of_Barbados.svg/500px-Flag_of_Barbados.svg.png
Belarus,Minsk,No,Europe,Eastern Europe,99,84,Yes,Chirstianity,No,No,No,No,5,No,No,No,https://upload.wikimedia.org/wikipedia/commons/thumb/8/85/Flag_of_Belarus.svg/500px-Flag_of_Belarus.svg.png
Belgium,Brussels,No,Europe,Western Europe,82,136,No,Chirstianity,No,No,No,Yes,4,Yes,No,Yes,https://upload.wikimedia.org/wikipedia/commons/thumb/6/65/Flag_of_Belgium.svg/500px-Flag_of_Belgium.svg.png
Belize,Belmopan,No,North America,Central America,170,147,No,Chirstianity,No,No,No,No,2,No,No,No,https://upload.wikimedia.org/wikipedia/commons/thumb/e/e7/Flag_of_Belize.svg/500px-Flag_of_Belize.svg.png
Benin,Porto-Novo,No,Africa,Western Africa,75,100,No,Chirstianity,No,No,No,No,4,No,No,No,https://upload.wikimedia.org/wikipedia/commons/thumb/0/0a/Flag_of_Benin.svg/500px-Flag_of_Benin.svg.png
Bhutan,Thimphu,No,Asia,Southern Asia,162,133,Yes,Buddhism,No,No,Yes,No,2,No,No,No,https://upload.wikimedia.org/wikipedia/commons/thumb/9/91/Flag_of_Bhutan.svg/500px-Flag_of_Bhutan.svg.png
Bolivia,La Paz / Sucre,No,South America,,78,27,Yes,Chirstianity,No,No,No,No,5,No,No,No,https://upload.wikimedia.org/wikipedia/commons/thumb/b/b3/Bandera_de_Bolivia_%28Estado%29.svg/500px-Bandera_de_Bolivia_%28Estado%29.svg.png
Bosnia and Herzegovina,Sarajevo,No,Europe,Southern Europe,133,125,No,Chirstianity,No,No,No,No,3,Yes,No,No,https://upload.wikimedia.org/wikipedia/commons/thumb/b/bf/Flag_of_Bosnia_and_Herzegovina.svg/500px-Flag_of_Bosnia_and_Herzegovina.svg.png
Botswana,Gaborone,No,Africa,Southern Africa,143,46,Yes,Chirstianity,No,No,No,No,4,No,No,No,https://upload.wikimedia.org/wikipedia/commons/thumb/f/fa/Flag_of_Botswana.svg/500px-Flag_of_Botswana.svg.png
Brazil,Brasília,Yes,South America,,7,5,No,Chirstianity,No,No,No,No,10,Yes,Yes,No,https://upload.wikimedia.org/wikipedia/en/thumb/0/05/Flag_of_Brazil.svg/500px-Flag_of_Brazil.svg.png
Brunei,Bandar Seri Begawan,No,Asia,,169,164,No,Islam,No,Yes,No,No,1,No,No,No,https://upload.wikimedia.org/wikipedia/commons/thumb/9/9c/Flag_of_Brunei.svg/500px-Flag_of_Brunei.svg.png
Bulgaria,Sofia,No,Europe,Eastern Europe,108,103,No,Chirstianity,No,No,No,No,5,No,No,Yes,https://upload.wikimedia.org/wikipedia/commons/thumb/9/9a/Flag_of_Bulgaria.svg/500px-Flag_of_Bulgaria.svg.png
Burkina Faso,Ouagadougou,No,Africa,Western Africa,59,74,Yes,Islam,No,No,No,No,6,No,No,No,https://upload.wikimedia.org/wikipedia/commons/thumb/3/31/Flag_of_Burkina_Faso.svg/500px-Flag_of_Burkina_Faso.svg.png
Burundi,Gitega,No,Africa,Eastern Africa,77,142,Yes,Chirstianity,No,No,No,No,3,No,No,No,https://upload.wikimedia.org/wikipedia/commons/thumb/5/50/Flag_of_Burundi.svg/500px-Flag_of_Burundi.svg.png
Cambodia,Phnom Penh,No,Asia,South-eastern Asia,72,88,No,Buddhism,No,No,No,No,3,No,No,No,https://upload.wikimedia.org/wikipedia/commons/thumb/8/83/Flag_of_Cambodia.svg/500px-Flag_of_Cambodia.svg.png
Cameroon,Yaoundé,No,Africa,Central Africa,51,53,No,Chirstianity,No,No,No,No,6,No,No,No,https://upload.wikimedia.org/wikipedia/commons/thumb/4/4f/Flag_of_Cameroon.svg/500px-Flag_of_Cameroon.svg.png
Canada,Ottawa,No,North America,,38,2,No,Chirstianity,No,No,No,No,2,Yes,No,Yes,https://upload.wikimedia.org/wikipedia/commons/thumb/d/d9/Flag_of_Canada_%28Pantone%29.svg/500px-Flag_of_Canada_%28Pantone%29.svg.png
Cape Verde,Praia,No,Africa,Western Africa,168,166,No,Chirstianity,No,Yes,No,No,0,No,No,No,https://upload.wikimedia.org/wikipedia/commons/thumb/3/38/Flag_of_Cape_Verde.svg/500px-Flag_of_Cape_Verde.svg.png
Central African Republic,Bangui,No,Africa,Central Africa,119,42,Yes,Chirstianity,No,No,No,No,6,No,No,No,https://upload.wikimedia.org/wikipedia/commons/thumb/6/6f/Flag_of_the_Central_African_Republic.svg/500px-Flag_of_the_Central_African_Republic.svg.png
Chad,N'Djamena,No,Africa,Central Africa,63,20,Yes,Islam,No,No,No,No,6,No,No,No,https://upload.wikimedia.org/wikipedia/commons/thumb/4/4b/Flag_of_Chad.svg/500px-Flag_of_Chad.svg.png
Chile,Santiago,No,South America,,65,37,No,Chirstianity,No,No,No,No,3,No,No,No,https://upload.wikimedia.org/wikipedia/commons/thumb/7/78/Flag_of_Chile.svg/500px-Flag_of_Chile.svg.png
China,Beijing,No,asia,Eastern Asia,2,3,No,Buddhism,No,No,No,No,13,Yes,No,No,https://upload.wikimedia.org/wikipedia/commons/thumb/f/fa/Flag_of_the_People%27s_Republic_of_China.svg/500px-Flag_of_the_People%27s_Republic_of_China.svg.png
Colombia,Bogotá,No,South America,,28,25,No,Chirstianity,Yes,No,No,Yes,5,No,No,No,https://upload.wikimedia.org/wikipedia/commons/thumb/2/21/Flag_of_Colombia.svg/500px-Flag_of_Colombia.svg.png
Comoros,Moroni,No,africa,Eastern Africa,159,170,No,Islam,No,Yes,No,No,0,No,No,No,https://upload.wikimedia.org/wikipedia/commons/thumb/9/94/Flag_of_the_Comoros.svg/500px-Flag_of_the_Comoros.svg.png
Democratic Republic of the Congo,Kinshasa,No,africa,Central Africa,15,11,No,Chirstianity,Yes,No,No,No,9,No,No,No,https://upload.wikimedia.org/wikipedia/commons/thumb/6/6f/Flag_of_the_Democratic_Republic_of_the_Congo.svg/500px-Flag_of_the_Democratic_Republic_of_the_Congo.svg.png
Republic of the Congo,Brazzaville,No,Africa,Central Africa,110,64,No,Chirstianity,Yes,No,No,No,5,No,No,No,https://upload.wikimedia.org/wikipedia/commons/thumb/9/92/Flag_of_the_Republic_of_the_Congo.svg/500px-Flag_of_the_Republic_of_the_Congo.svg.png
Costa Rica,San José,No,North America,Central America,125,126,No,Chirstianity,No,No,No,No,2,No,No,No,https://upload.wikimedia.org/wikipedia/commons/thumb/f/f2/Flag_of_Costa_Rica.svg/500px-Flag_of_Costa_Rica.svg.png
Croatia,Zagreb,No,Europe,Southern Europe,128,124,No,Chirstianity,No,No,No,No,5,No,No,Yes,https://upload.wikimedia.org/wikipedia/commons/thumb/1/1b/Flag_of_Croatia.svg/500px-Flag_of_Croatia.svg.png
Cuba,Havana,No,North America,Caribbean,87,104,No,Chirstianity,No,Yes,No,No,0,No,No,No,https://upload.wikimedia.org/wikipedia/commons/thumb/b/bd/Flag_of_Cuba.svg/500px-Flag_of_Cuba.svg.png
Cyprus,Nicosia,No,Europe,Western Asia,153,162,No,Chirstianity,No,Yes,No,No,0,No,No,No,https://upload.wikimedia.org/wikipedia/commons/thumb/d/d4/Flag_of_Cyprus.svg/500px-Flag_of_Cyprus.svg.png
Czech Republic,Prague,No,Europe,Eastern Europe,91,115,Yes,Chirstianity,No,No,No,No,4,No,No,Yes,https://upload.wikimedia.org/wikipedia/commons/thumb/c/cb/Flag_of_the_Czech_Republic.svg/500px-Flag_of_the_Czech_Republic.svg.png
Denmark,Copenhagen,No,Europe,Northern Europe,112,130,No,Chirstianity,No,No,No,No,1,No,No,Yes,https://upload.wikimedia.org/wikipedia/commons/thumb/9/9c/Flag_of_Denmark.svg/500px-Flag_of_Denmark.svg.png
Djibouti,Djibouti,Yes,Africa,Eastern Africa,157,146,No,Islam,No,No,No,No,3,No,No,No,https://upload.wikimedia.org/wikipedia/commons/thumb/3/34/Flag_of_Djibouti.svg/500px-Flag_of_Djibouti.svg.png
Dominica,Roseau,No,North America,Caribbean,186,174,No,Chirstianity,No,Yes,No,No,0,No,No,No,https://upload.wikimedia.org/wikipedia/commons/thumb/c/c4/Flag_of_Dominica.svg/500px-Flag_of_Dominica.svg.png
Dominican Republic,Santo Domingo,Yes,North America,Caribbean,84,128,No,Chirstianity,No,Yes,No,No,1,No,No,No,https://upload.wikimedia.org/wikipedia/commons/thumb/9/9f/Flag_of_the_Dominican_Republic.svg/500px-Flag_of_the_Dominican_Republic.svg.png
Ecuador,Quito,No,South America,,71,73,No,Chirstianity,Yes,No,No,No,2,No,No,No,https://upload.wikimedia.org/wikipedia/commons/thumb/e/e8/Flag_of_Ecuador.svg/500px-Flag_of_Ecuador.svg.png
Egypt,Cairo,No,Africa,North Africa,13,29,No,Islam,No,No,No,No,4,No,No,No,https://upload.wikimedia.org/wikipedia/commons/thumb/f/fe/Flag_of_Egypt.svg/500px-Flag_of_Egypt.svg.png
El Salvador,San Salvador,Yes,North America,Central America,111,148,No,Chirstianity,No,No,No,No,2,No,No,No,https://upload.wikimedia.org/wikipedia/commons/thumb/3/34/Flag_of_El_Salvador.svg/500px-Flag_of_El_Salvador.svg.png
Equatorial Guinea,Malabo,No,Africa,Western Africa,147,141,No,Chirstianity,No,No,No,No,2,No,No,No,https://upload.wikimedia.org/wikipedia/commons/thumb/3/31/Flag_of_Equatorial_Guinea.svg/500px-Flag_of_Equatorial_Guinea.svg.png
Eritrea,Asmara,No,Africa,Eastern Africa,130,99,No,Chirstianity,No,No,No,No,3,No,No,No,https://upload.wikimedia.org/wikipedia/commons/thumb/2/29/Flag_of_Eritrea.svg/500px-Flag_of_Eritrea.svg.png
Estonia,Tallinn,No,Europe,Northern Europe,154,129,No,Chirstianity,No,No,No,No,2,No,No,Yes,https://upload.wikimedia.org/wikipedia/commons/thumb/8/8f/Flag_of_Estonia.svg/500px-Flag_of_Estonia.svg.png
Eswatini,Mbabane,No,Africa,Southern Africa,156,153,Yes,Chirstianity,No,No,No,Yes,2,No,No,No,https://upload.wikimedia.org/wikipedia/commons/thumb/f/fb/Flag_of_Eswatini.svg/500px-Flag_of_Eswatini.svg.png
Ethiopia,Addis Ababa,No,Africa,Eastern Africa,10,26,Yes,Chirstianity,No,No,No,No,6,No,No,No,https://upload.wikimedia.org/wikipedia/commons/thumb/7/71/Flag_of_Ethiopia.svg/500px-Flag_of_Ethiopia.svg.png
Fiji,Suva,No,Oceania,Melanesia,158,151,No,Chirstianity,No,Yes,No,No,0,No,No,No,https://upload.wikimedia.org/wikipedia/commons/thumb/b/ba/Flag_of_Fiji.svg/500px-Flag_of_Fiji.svg.png
Finland,Helsinki,No,Europe,Northern Europe,116,65,No,Chirstianity,No,No,No,No,3,Yes,No,Yes,https://upload.wikimedia.org/wikipedia/commons/thumb/b/bc/Flag_of_Finland.svg/500px-Flag_of_Finland.svg.png
France,Paris,No,Europe,Western Europe,23,48,No,Chirstianity,No,No,No,Yes,8,Yes,Yes,Yes,https://upload.wikimedia.org/wikipedia/en/thumb/c/c3/Flag_of_France.svg/500px-Flag_of_France.svg.png
Gabon,Libreville,No,Africa,Central Africa,142,76,No,Chirstianity,Yes,No,No,No,3,No,No,No,https://upload.wikimedia.org/wikipedia/commons/thumb/0/04/Flag_of_Gabon.svg/500px-Flag_of_Gabon.svg.png
Gambia,Banjul,No,Africa,Western Africa,140,160,No,Islam,No,No,No,No,1,No,No,No,https://upload.wikimedia.org/wikipedia/commons/thumb/7/77/Flag_of_The_Gambia.svg/500px-Flag_of_The_Gambia.svg.png
Georgia,Tbillisi,No,Asia,Western Asia,129,119,No,Chirstianity,No,No,No,No,4,No,No,No,https://upload.wikimedia.org/wikipedia/commons/thumb/0/0f/Flag_of_Georgia.svg/500px-Flag_of_Georgia.svg.png
Germany,Berlin,No,Europe,Western Europe,19,62,No,Chirstianity,No,No,No,Yes,9,Yes,Yes,Yes,https://upload.wikimedia.org/wikipedia/en/thumb/b/ba/Flag_of_Germany.svg/500px-Flag_of_Germany.svg.png
Ghana,Accra,No,Africa,Western Africa,46,80,No,Chirstianity,No,No,No,No,3,No,No,No,https://upload.wikimedia.org/wikipedia/commons/thumb/1/19/Flag_of_Ghana.svg/500px-Flag_of_Ghana.svg.png
Greece,Athens,No,Europe,Southern Europe,94,95,No,Chirstianity,No,No,No,No,4,Yes,No,Yes,https://upload.wikimedia.org/wikipedia/commons/thumb/5/5c/Flag_of_Greece.svg/500px-Flag_of_Greece.svg.png
Grenada,St. George's,No,North America,Caribbean,180,185,No,Chirstianity,No,Yes,No,No,0,No,No,No,https://upload.wikimedia.org/wikipedia/commons/thumb/b/bc/Flag_of_Grenada.svg/500px-Flag_of_Grenada.svg.png
Guatemala,Guatemala City,Yes,North America,Central America,69,105,No,Chirstianity,No,No,No,No,4,No,No,No,https://upload.wikimedia.org/wikipedia/commons/thumb/e/ec/Flag_of_Guatemala.svg/500px-Flag_of_Guatemala.svg.png
Guinea,Conakry,No,Africa,Western Africa,74,77,No,Islam,No,No,No,No,6,No,No,No,https://upload.wikimedia.org/wikipedia/commons/thumb/e/ed/Flag_of_Guinea.svg/500px-Flag_of_Guinea.svg.png
Guinea-Bissau,Bissau,Yes,Africa,Western Africa,145,134,No,Islam,No,No,No,No,2,No,No,No,https://upload.wikimedia.org/wikipedia/commons/thumb/0/01/Flag_of_Guinea-Bissau.svg/500px-Flag_of_Guinea-Bissau.svg.png
Guyana,Georgetown,No,South America,,161,83,No,Chirstianity,No,No,No,No,3,No,No,No,https://upload.wikimedia.org/wikipedia/commons/thumb/9/99/Flag_of_Guyana.svg/500px-Flag_of_Guyana.svg.png
Haiti,Port-au-Prince,No,North America,Caribbean,81,143,No,Chirstianity,No,Yes,No,No,1,No,No,No,https://upload.wikimedia.org/wikipedia/commons/thumb/5/56/Flag_of_Haiti.svg/500px-Flag_of_Haiti.svg.png
Honduras,Tegucigalpa,No,North America,Central America,86,101,No,Chirstianity,No,No,No,No,3,No,No,No,https://upload.wikimedia.org/wikipedia/commons/thumb/2/2f/Flag_of_Honduras_%282022%E2%80%93present%29.svg/500px-Flag_of_Honduras_%282022%E2%80%93present%29.svg.png
Hungary,Budapest,No,Europe,Eastern Europe,96,108,Yes,Chirstianity,No,No,No,No,7,No,No,Yes,https://upload.wikimedia.org/wikipedia/commons/thumb/c/c1/Flag_of_Hungary.svg/500px-Flag_of_Hungary.svg.png
Iceland,Reykjavik,No,Europe,Northern Europe,172,106,No,Chirstianity,No,Yes,No,No,0,No,No,Yes,https://upload.wikimedia.org/wikipedia/commons/thumb/c/ce/Flag_of_Iceland.svg/500px-Flag_of_Iceland.svg.png
India,New Delhi,No,Asia,Southern Asia,1,7,No,Hinduism,No,No,Yes,No,7,No,No,No,https://upload.wikimedia.org/wikipedia/en/thumb/4/41/Flag_of_India.svg/500px-Flag_of_India.svg.png
Indonesia,Jakarta,No,Asia,South-eastern Asia,4,14,No,Islam,Yes,Yes,No,No,3,No,No,No,https://upload.wikimedia.org/wikipedia/commons/thumb/9/9f/Flag_of_Indonesia.svg/500px-Flag_of_Indonesia.svg.png
Iran,Tehran,No,Asia,Middle East,17,17,No,Islam,No,No,No,No,7,No,No,No,https://upload.wikimedia.org/wikipedia/commons/thumb/c/ca/Flag_of_Iran.svg/500px-Flag_of_Iran.svg.png
Iraq,Baghdad,No,Asia,Middle East,34,58,No,Islam,No,No,No,No,6,No,No,No,https://upload.wikimedia.org/wikipedia/commons/thumb/f/f6/Flag_of_Iraq.svg/500px-Flag_of_Iraq.svg.png
Ireland,Dublin,No,Europe,Northern Europe,123,118,No,Chirstianity,No,Yes,No,No,1,No,No,No,https://upload.wikimedia.org/wikipedia/commons/thumb/4/45/Flag_of_Ireland.svg/500px-Flag_of_Ireland.svg.png
Israel,Jerusalem,No,Asia,Middle East,97,149,No,Judaism,No,No,No,No,5,No,No,No,https://upload.wikimedia.org/wikipedia/commons/thumb/d/d4/Flag_of_Israel.svg/500px-Flag_of_Israel.svg.png
Italy,Rome,No,Europe,Southern Europe,25,72,No,Chirstianity,No,No,No,No,6,Yes,Yes,Yes,https://upload.wikimedia.org/wikipedia/en/thumb/0/03/Flag_of_Italy.svg/500px-Flag_of_Italy.svg.png
Ivory Coast,Yamoussoukro,No,Africa,Western Africa,50,69,No,Chirstianity,No,No,No,No,5,No,No,No,https://upload.wikimedia.org/wikipedia/commons/thumb/f/fe/Flag_of_C%C3%B4te_d%27Ivoire.svg/500px-Flag_of_C%C3%B4te_d%27Ivoire.svg.png
Jamaica,Kingston,No,North America,Caribbean,138,159,No,Chirstianity,No,Yes,No,No,0,No,No,No,https://upload.wikimedia.org/wikipedia/commons/thumb/0/0a/Flag_of_Jamaica.svg/500px-Flag_of_Jamaica.svg.png
Japan,Tokyo,No,Asia,Eastern Asia,12,61,No,Buddhism,No,Yes,No,No,0,Yes,No,No,https://upload.wikimedia.org/wikipedia/en/thumb/9/9e/Flag_of_Japan.svg/500px-Flag_of_Japan.svg.png
Jordan,Amman,No,Asia,Middle East,83,110,No,Islam,No,No,No,No,5,No,No,No,https://upload.wikimedia.org/wikipedia/commons/thumb/c/c0/Flag_of_Jordan.svg/500px-Flag_of_Jordan.svg.png
Kazakhstan,Nur-Sultan,No,Asia,Central Asia,64,9,Yes,Islam,No,No,Yes,No,5,No,No,No,https://upload.wikimedia.org/wikipedia/commons/thumb/d/d3/Flag_of_Kazakhstan.svg/500px-Flag_of_Kazakhstan.svg.png
Kenya,Nairobi,No,africa,Eastern Africa,26,47,No,Chirstianity,Yes,No,No,Yes,5,No,No,No,https://upload.wikimedia.org/wikipedia/commons/thumb/4/49/Flag_of_Kenya.svg/500px-Flag_of_Kenya.svg.png
Kiribati,South Tarawa,No,Oceania,Micronesia,178,172,No,Chirstianity,Yes,Yes,No,No,0,No,No,No,https://upload.wikimedia.org/wikipedia/commons/thumb/d/d3/Flag_of_Kiribati.svg/500px-Flag_of_Kiribati.svg.png
Kuwait,Kuwait City,Yes,Asia,Middle East,126,152,No,Islam,No,No,No,No,2,No,No,No,https://upload.wikimedia.org/wikipedia/commons/thumb/a/aa/Flag_of_Kuwait.svg/500px-Flag_of_Kuwait.svg.png
Kyrgyzstan,Bishkek,No,Asia,Central Asia,105,85,Yes,Islam,No,No,Yes,No,4,No,No,No,https://upload.wikimedia.org/wikipedia/commons/thumb/c/c7/Flag_of_Kyrgyzstan.svg/500px-Flag_of_Kyrgyzstan.svg.png
Laos,Vientiane,No,Asia,South-eastern Asia,102,82,Yes,Buddhism,No,No,Yes,No,5,No,No,No,https://upload.wikimedia.org/wikipedia/commons/thumb/5/56/Flag_of_Laos.svg/500px-Flag_of_Laos.svg.png
Latvia,Riga,No,Europe,Northern Europe,148,122,No,Chirstianity,No,No,No,No,4,No,No,Yes,https://upload.wikimedia.org/wikipedia/commons/thumb/8/84/Flag_of_Latvia.svg/500px-Flag_of_Latvia.svg.png
Lebanon,Beirut,No,Asia,Middle East,114,161,No,Islam,No,No,No,Yes,2,No,No,No,https://upload.wikimedia.org/wikipedia/commons/thumb/5/59/Flag_of_Lebanon.svg/500px-Flag_of_Lebanon.svg.png
Lesotho,Maseru,No,Africa,Southern Africa,144,137,Yes,Chirstianity,No,No,No,No,1,No,No,No,https://upload.wikimedia.org/wikipedia/commons/thumb/4/4a/Flag_of_Lesotho.svg/500px-Flag_of_Lesotho.svg.png
Liberia,Monrovia,No,Africa,Western Africa,115,102,No,Chirstianity,No,No,No,No,3,No,No,No,https://upload.wikimedia.org/wikipedia/commons/thumb/b/b8/Flag_of_Liberia.svg/500px-Flag_of_Liberia.svg.png
Libya,Tripoli,No,Africa,North Africa,104,16,No,Islam,No,No,No,No,6,No,No,No,https://upload.wikimedia.org/wikipedia/commons/thumb/0/05/Flag_of_Libya.svg/500px-Flag_of_Libya.svg.png
Liechtenstein,Vaduz,No,Europe,Western Europe,188,190,Yes,Chirstianity,No,No,No,No,2,No,No,No,https://upload.wikimedia.org/wikipedia/commons/thumb/4/47/Flag_of_Liechtenstein.svg/500px-Flag_of_Liechtenstein.svg.png
Lithuania,Vilnius,No,Europe,Northern Europe,139,121,No,Chirstianity,No,No,No,No,4,No,No,Yes,https://upload.wikimedia.org/wikipedia/commons/thumb/1/11/Flag_of_Lithuania.svg/500px-Flag_of_Lithuania.svg.png
Luxembourg,Luxembourg City,Yes,Europe,Western Europe,163,168,Yes,Chirstianity,No,No,No,Yes,3,No,No,Yes,https://upload.wikimedia.org/wikipedia/commons/thumb/d/da/Flag_of_Luxembourg.svg/500px-Flag_of_Luxembourg.svg.png
Madagascar,Antananarivo,No,Africa,Eastern Africa,49,45,No,Chirstianity,No,Yes,No,No,0,No,No,No,https://upload.wikimedia.org/wikipedia/commons/thumb/b/bc/Flag_of_Madagascar.svg/500px-Flag_of_Madagascar.svg.png
Malawi,Lilongwe,No,Africa,Eastern Africa,61,98,Yes,Chirstianity,No,No,No,No,3,No,No,No,https://upload.wikimedia.org/wikipedia/commons/thumb/d/d1/Flag_of_Malawi.svg/500px-Flag_of_Malawi.svg.png
Malaysia,Kuala Lumpur,No,Asia,South-eastern Asia,44,67,No,Islam,No,No,No,No,3,No,No,No,https://upload.wikimedia.org/wikipedia/commons/thumb/6/66/Flag_of_Malaysia.svg/500px-Flag_of_Malaysia.svg.png
Maldives,Male,No,Asia,Southern Asia,167,187,No,Islam,Yes,Yes,No,No,0,No,No,No,https://upload.wikimedia.org/wikipedia/commons/thumb/0/0f/Flag_of_Maldives.svg/500px-Flag_of_Maldives.svg.png
Mali,Bamako,No,Africa,Western Africa,58,23,Yes,Islam,No,No,No,No,7,No,No,No,https://upload.wikimedia.org/wikipedia/commons/thumb/9/92/Flag_of_Mali.svg/500px-Flag_of_Mali.svg.png
Malta,Valleta,No,Europe,Southern Europe,166,186,No,Chirstianity,No,Yes,No,No,0,No,No,No,https://upload.wikimedia.org/wikipedia/commons/thumb/7/73/Flag_of_Malta.svg/500px-Flag_of_Malta.svg.png
Marshall Islands,Majuro,No,Oceania,,190,189,No,Chirstianity,No,Yes,No,No,0,No,No,No,https://upload.wikimedia.org/wikipedia/commons/thumb/2/2e/Flag_of_the_Marshall_Islands.svg/500px-Flag_of_the_Marshall_Islands.svg.png
Mauritania,Nouakchott,No,Africa,Western Africa,122,28,No,Islam,No,No,No,No,4,No,No,No,https://upload.wikimedia.org/wikipedia/commons/thumb/4/43/Flag_of_Mauritania.svg/500px-Flag_of_Mauritania.svg.png
Mauritius,Port Louis,No,Africa,Eastern Africa,155,169,No,Hinduism,No,Yes,No,No,0,No,No,No,https://upload.wikimedia.org/wikipedia/commons/thumb/7/77/Flag_of_Mauritius.svg/500px-Flag_of_Mauritius.svg.png
Mexico,Mexico City,Yes,North America,Central America,11,13,No,Chirstianity,No,No,No,No,3,Yes,No,No,https://upload.wikimedia.org/wikipedia/commons/thumb/f/fc/Flag_of_Mexico.svg/500px-Flag_of_Mexico.svg.png
Federated States of Micronesia,Palikir,No,Oceania,Micronesia,181,177,No,Chirstianity,No,Yes,No,No,0,No,No,No,https://upload.wikimedia.org/wikipedia/commons/thumb/e/e4/Flag_of_the_Federated_States_of_Micronesia.svg/500px-Flag_of_the_Federated_States_of_Micronesia.svg.png
Moldova,Chisinau,No,Europe,Eastern Europe,136,135,Yes,Chirstianity,No,No,No,No,2,No,No,No,https://upload.wikimedia.org/wikipedia/commons/thumb/2/27/Flag_of_Moldova.svg/500px-Flag_of_Moldova.svg.png
Monaco,Monaco,Yes,Europe,Western Europe,189,194,No,Chirstianity,No,No,No,No,1,No,No,No,https://upload.wikimedia.org/wikipedia/commons/thumb/e/ea/Flag_of_Monaco.svg/500px-Flag_of_Monaco.svg.png
Mongolia,Ulaanbaatar,No,Asia,Eastern Asia,131,18,Yes,Buddhism,No,No,Yes,No,2,No,No,No,https://upload.wikimedia.org/wikipedia/commons/thumb/4/4c/Flag_of_Mongolia.svg/500px-Flag_of_Mongolia.svg.png
Montenegro,Podgorica,No,Europe,Southern Europe,165,156,No,Chirstianity,No,No,No,Yes,5,No,No,Yes,https://upload.wikimedia.org/wikipedia/commons/thumb/6/64/Flag_of_Montenegro.svg/500px-Flag_of_Montenegro.svg.png
Morocco,Rabat,No,Africa,North Africa,41,57,No,Islam,No,No,No,No,3,No,No,No,https://upload.wikimedia.org/wikipedia/commons/thumb/2/2c/Flag_of_Morocco.svg/500px-Flag_of_Morocco.svg.png
Mozambique,Maputo,No,Africa,Eastern Africa,45,35,No,Chirstianity,No,No,No,No,6,No,No,No,https://upload.wikimedia.org/wikipedia/commons/thumb/d/d0/Flag_of_Mozambique.svg/500px-Flag_of_Mozambique.svg.png
Myanmar,Naypyidaw,No,Asia,South-eastern Asia,27,39,No,Buddhism,No,No,Yes,No,5,No,No,No,https://upload.wikimedia.org/wikipedia/commons/thumb/8/8c/Flag_of_Myanmar.svg/500px-Flag_of_Myanmar.svg.png
Namibia,Windhoek,No,Africa,Southern Africa,135,34,No,Chirstianity,No,No,No,No,4,No,No,No,https://upload.wikimedia.org/wikipedia/commons/thumb/0/00/Flag_of_Namibia.svg/500px-Flag_of_Namibia.svg.png
Nauru,Yaren District,No,Oceania,Micronesia,193,193,No,Chirstianity,No,Yes,No,No,0,No,No,No,https://upload.wikimedia.org/wikipedia/commons/thumb/3/30/Flag_of_Nauru.svg/500px-Flag_of_Nauru.svg.png
Nepal,Kathmandu,No,Asia,Southern Asia,52,93,Yes,Hinduism,No,No,Yes,No,2,No,No,No,https://upload.wikimedia.org/wikipedia/commons/thumb/9/9b/Flag_of_Nepal.svg/500px-Flag_of_Nepal.svg.png
Netherlands,Amsterdam,No,Europe,Western Europe,70,131,No,Chirstianity,No,No,No,No,2,Yes,No,Yes,https://upload.wikimedia.org/wikipedia/commons/thumb/2/20/Flag_of_the_Netherlands.svg/500px-Flag_of_the_Netherlands.svg.png
New Zealand,Wellington,No,Oceania,,124,75,No,Chirstianity,No,Yes,No,No,0,No,No,No,https://upload.wikimedia.org/wikipedia/commons/thumb/3/3e/Flag_of_New_Zealand.svg/500px-Flag_of_New_Zealand.svg.png
Nicaragua,Managua,No,North America,Central America,107,96,No,Chirstianity,No,No,No,No,2,No,No,No,https://upload.wikimedia.org/wikipedia/commons/thumb/1/19/Flag_of_Nicaragua.svg/500px-Flag_of_Nicaragua.svg.png
Niger,Niamey,No,africa,Western Africa,54,21,Yes,Islam,No,No,No,No,7,No,No,No,https://upload.wikimedia.org/wikipedia/commons/thumb/f/f4/Flag_of_Niger.svg/500px-Flag_of_Niger.svg.png
Nigeria,Abuja,No,africa,Western Africa,6,31,No,Chirstianity,No,No,No,No,4,No,No,No,https://upload.wikimedia.org/wikipedia/commons/thumb/7/79/Flag_of_Nigeria.svg/500px-Flag_of_Nigeria.svg.png
North Korea,Pyongyang,No,Asia,Eastern Africa,56,97,No,None,No,No,Yes,No,3,No,No,No,https://upload.wikimedia.org/wikipedia/commons/thumb/5/51/Flag_of_North_Korea.svg/500px-Flag_of_North_Korea.svg.png
North Macedonia,Skopje,No,europe,Southern Europe,149,145,Yes,Chirstianity,No,No,No,Yes,5,No,No,Yes,https://upload.wikimedia.org/wikipedia/commons/thumb/7/79/Flag_of_North_Macedonia.svg/500px-Flag_of_North_Macedonia.svg.png
Norway,Oslo,No,europe,Northern Europe,117,68,No,Chirstianity,No,No,No,No,3,Yes,No,Yes,https://upload.wikimedia.org/wikipedia/commons/thumb/d/d9/Flag_of_Norway.svg/500px-Flag_of_Norway.svg.png
Oman,Muscat,No,asia,Middle East,120,71,No,Islam,No,No,No,Yes,3,No,No,No,https://upload.wikimedia.org/wikipedia/commons/thumb/d/dd/Flag_of_Oman.svg/500px-Flag_of_Oman.svg.png
Pakistan,Islamabad,No,asia,Southern Asia,5,33,No,Islam,No,No,Yes,No,4,No,No,No,https://upload.wikimedia.org/wikipedia/commons/thumb/3/32/Flag_of_Pakistan.svg/500px-Flag_of_Pakistan.svg.png
Palau,Ngerulmud,No,Oceania,Micronesia,192,180,No,Chirstianity,No,Yes,No,No,0,No,No,No,https://upload.wikimedia.org/wikipedia/commons/thumb/4/48/Flag_of_Palau.svg/500px-Flag_of_Palau.svg.png
Palestine,Ramallah,No,Asia,Middle East,118,163,No,Islam,No,No,No,No,3,No,No,No,https://upload.wikimedia.org/wikipedia/commons/thumb/0/00/Flag_of_Palestine.svg/500px-Flag_of_Palestine.svg.png
Panama,Panama City,Yes,North America,Central America,127,116,No,Chirstianity,No,No,No,No,2,No,No,No,https://upload.wikimedia.org/wikipedia/commons/thumb/a/ab/Flag_of_Panama.svg/500px-Flag_of_Panama.svg.png
Papua New Guinea,Port Moresby,No,Oceania,Melanesia,89,54,No,Chirstianity,No,Yes,No,No,1,No,No,No,https://upload.wikimedia.org/wikipedia/commons/thumb/e/e3/Flag_of_Papua_New_Guinea.svg/500px-Flag_of_Papua_New_Guinea.svg.png
Paraguay,Asunción,No,South America,,106,59,Yes,Chirstianity,No,No,No,No,3,No,No,No,https://upload.wikimedia.org/wikipedia/commons/thumb/2/27/Flag_of_Paraguay.svg/500px-Flag_of_Paraguay.svg.png
Peru,Lima,No,South America,,47,19,No,Chirstianity,No,No,No,No,5,No,No,No,https://upload.wikimedia.org/wikipedia/commons/thumb/d/df/Flag_of_Peru_%28state%29.svg/500px-Flag_of_Peru_%28state%29.svg.png
Philippines,Manila,No,Asia,South-eastern Asia,14,63,No,Chirstianity,No,Yes,No,No,0,No,No,No,https://upload.wikimedia.org/wikipedia/commons/thumb/9/99/Flag_of_the_Philippines.svg/500px-Flag_of_the_Philippines.svg.png
Poland,Warsaw,No,Europe,Eastern Europe,42,70,No,Chirstianity,No,No,No,No,7,No,No,Yes,https://upload.wikimedia.org/wikipedia/en/thumb/1/12/Flag_of_Poland.svg/500px-Flag_of_Poland.svg.png
Portugal,Lisbon,No,Europe,Southern Europe,92,109,No,Chirstianity,No,No,No,Yes,1,No,No,Yes,https://upload.wikimedia.org/wikipedia/commons/thumb/a/a8/Flag_of_Portugal_%28official%29.svg/500px-Flag_of_Portugal_%28official%29.svg.png
Qatar,Doha,No,Asia,Middle East,134,158,No,Islam,No,No,No,No,1,No,No,No,https://upload.wikimedia.org/wikipedia/commons/thumb/6/65/Flag_of_Qatar.svg/500px-Flag_of_Qatar.svg.png
Romania,Bucharest,No,Europe,Eastern Europe,68,81,No,Chirstianity,No,No,No,No,5,No,No,Yes,https://upload.wikimedia.org/wikipedia/commons/thumb/7/73/Flag_of_Romania.svg/500px-Flag_of_Romania.svg.png
Russia,Moscow,No,Europe,Eastern Europe,9,1,No,Chirstianity,No,No,Yes,No,14,Yes,No,No,https://upload.wikimedia.org/wikipedia/en/thumb/f/f3/Flag_of_Russia.svg/500px-Flag_of_Russia.svg.png
Rwanda,Kigali,No,Africa,Eastern Africa,76,144,Yes,Chirstianity,Yes,No,No,No,4,No,No,No,https://upload.wikimedia.org/wikipedia/commons/thumb/1/17/Flag_of_Rwanda.svg/500px-Flag_of_Rwanda.svg.png
Saint Kitts and Nevis,Basseterre,No,North America,Caribbean,187,188,No,Chirstianity,No,Yes,No,No,0,No,No,No,https://upload.wikimedia.org/wikipedia/commons/thumb/f/fe/Flag_of_Saint_Kitts_and_Nevis.svg/500px-Flag_of_Saint_Kitts_and_Nevis.svg.png
Saint Lucia,Castries,No,North America,Caribbean,177,178,No,Chirstianity,No,Yes,No,No,0,No,No,No,https://upload.wikimedia.org/wikipedia/commons/thumb/9/9f/Flag_of_Saint_Lucia.svg/500px-Flag_of_Saint_Lucia.svg.png
Saint Vincent and the Grenadines,Kotte,No,North America,Caribbean,183,184,No,Chirstianity,No,Yes,No,No,0,No,No,No,https://upload.wikimedia.org/wikipedia/commons/thumb/6/6d/Flag_of_Saint_Vincent_and_the_Grenadines.svg/500px-Flag_of_Saint_Vincent_and_the_Grenadines.svg.png
Samoa,Apia,No,Oceania,Polynesia,176,167,No,Chirstianity,No,Yes,No,No,0,No,No,No,https://upload.wikimedia.org/wikipedia/commons/thumb/3/31/Flag_of_Samoa.svg/500px-Flag_of_Samoa.svg.png
San Marino,San Marino,Yes,Europe,Southern Europe,191,191,Yes,Chirstianity,No,No,No,No,1,No,No,No,https://upload.wikimedia.org/wikipedia/commons/thumb/b/b1/Flag_of_San_Marino.svg/500px-Flag_of_San_Marino.svg.png
Sao Tome & Principe,São Tomé,Yes,Africa,Central Africa,175,171,No,Chirstianity,Yes,Yes,No,No,0,No,No,No,https://upload.wikimedia.org/wikipedia/commons/thumb/0/0a/Flag_of_S%C3%A3o_Tom%C3%A9_and_Pr%C3%ADncipe.svg/500px-Flag_of_S%C3%A3o_Tom%C3%A9_and_Pr%C3%ADncipe.svg.png
Saudi Arabia,Riyadh,No,Asia,Middle East,48,12,No,Islam,No,No,No,No,8,No,No,No,https://upload.wikimedia.org/wikipedia/commons/thumb/0/0d/Flag_of_Saudi_Arabia.svg/500px-Flag_of_Saudi_Arabia.svg.png
Senegal,Dakar,No,Africa,Western Africa,67,86,No,Islam,No,No,No,No,5,No,No,No,https://upload.wikimedia.org/wikipedia/commons/thumb/f/fd/Flag_of_Senegal.svg/500px-Flag_of_Senegal.svg.png
Serbia,Belgrade,No,Europe,Southern Europe,109,111,Yes,Chirstianity,No,No,No,No,8,No,No,No,https://upload.wikimedia.org/wikipedia/commons/thumb/f/ff/Flag_of_Serbia.svg/500px-Flag_of_Serbia.svg.png
Seychelles,Victoria,No,Africa,Eastern Africa,179,181,No,Chirstianity,No,Yes,No,No,0,No,No,No,https://upload.wikimedia.org/wikipedia/commons/thumb/f/fc/Flag_of_Seychelles.svg/500px-Flag_of_Seychelles.svg.png
Sierra Leone,Freetown,No,Africa,Western Africa,101,117,No,Islam,No,No,No,No,2,No,No,No,https://upload.wikimedia.org/wikipedia/commons/thumb/1/17/Flag_of_Sierra_Leone.svg/500px-Flag_of_Sierra_Leone.svg.png
Singapore,Singapore,Yes,Asia,South-eastern Asia,113,176,No,Buddhism,No,Yes,No,No,0,No,No,No,https://upload.wikimedia.org/wikipedia/commons/thumb/4/48/Flag_of_Singapore.svg/500px-Flag_of_Singapore.svg.png
Slovakia,Bratislava,No,Europe,Eastern Europe,121,127,Yes,Chirstianity,No,No,No,No,5,No,No,Yes,https://upload.wikimedia.org/wikipedia/commons/thumb/e/e6/Flag_of_Slovakia.svg/500px-Flag_of_Slovakia.svg.png
Slovenia,Ljubljana,No,Europe,Southern Europe,146,150,No,Chirstianity,No,No,No,No,4,No,No,Yes,https://upload.wikimedia.org/wikipedia/commons/thumb/f/f0/Flag_of_Slovenia.svg/500px-Flag_of_Slovenia.svg.png
Solomon Islands,Honiara,No,Oceania,Melanesia,160,139,No,Chirstianity,No,Yes,No,No,0,No,No,No,https://upload.wikimedia.org/wikipedia/commons/thumb/7/74/Flag_of_the_Solomon_Islands.svg/500px-Flag_of_the_Solomon_Islands.svg.png
Somalia,Mogadishu,No,Africa,Eastern Africa,66,41,No,Islam,Yes,No,No,No,3,No,No,No,https://upload.wikimedia.org/wikipedia/commons/thumb/a/a0/Flag_of_Somalia.svg/500px-Flag_of_Somalia.svg.png
South Africa,Cape Town / Pretoria / Bloemfontein,No,Africa,Southern Africa,24,24,No,Chirstianity,No,No,No,No,6,No,No,No,https://upload.wikimedia.org/wikipedia/commons/thumb/a/af/Flag_of_South_Africa.svg/500px-Flag_of_South_Africa.svg.png
South Korea,Seoul,No,Asia,Eastern Asia,29,107,No,Chirstianity,No,No,No,No,1,Yes,No,No,https://upload.wikimedia.org/wikipedia/commons/thumb/0/09/Flag_of_South_Korea.svg/500px-Flag_of_South_Korea.svg.png
South Sudan,Juba,No,Africa,Eastern Africa,80,43,Yes,Chirstianity,No,No,No,No,6,No,No,No,https://upload.wikimedia.org/wikipedia/commons/thumb/7/7a/Flag_of_South_Sudan.svg/500px-Flag_of_South_Sudan.svg.png
Spain,Madrid,No,Europe,Southern Europe,32,51,No,Chirstianity,No,No,No,No,5,Yes,Yes,Yes,https://upload.wikimedia.org/wikipedia/en/thumb/9/9a/Flag_of_Spain.svg/500px-Flag_of_Spain.svg.png
Sri Lanka,Sri Jayawardenepura Kotte,No,Asia,Southern Asia,60,120,No,Buddhism,No,Yes,No,No,0,No,No,No,https://upload.wikimedia.org/wikipedia/commons/thumb/1/11/Flag_of_Sri_Lanka.svg/500px-Flag_of_Sri_Lanka.svg.png
Sudan,Khartoum,No,Africa,North Africa,30,15,No,Islam,No,No,No,No,7,No,No,No,https://upload.wikimedia.org/wikipedia/commons/thumb/0/01/Flag_of_Sudan.svg/500px-Flag_of_Sudan.svg.png
Suriname,Paramaribo,No,South America,,164,90,No,Chirstianity,No,No,No,No,3,No,No,No,https://upload.wikimedia.org/wikipedia/commons/thumb/6/60/Flag_of_Suriname.svg/500px-Flag_of_Suriname.svg.png
Sweden,Stockholm,No,Europe,Northern Europe,90,55,No,Chirstianity,No,No,No,No,2,Yes,No,Yes,https://upload.wikimedia.org/wikipedia/en/thumb/4/4c/Flag_of_Sweden.svg/500px-Flag_of_Sweden.svg.png
Switzerland,Bern,No,Europe,Western Europe,100,132,Yes,Chirstianity,No,No,No,No,5,Yes,No,No,https://upload.wikimedia.org/wikipedia/commons/thumb/f/f3/Flag_of_Switzerland.svg/500px-Flag_of_Switzerland.svg.png
Syria,Damascus,No,Asia,Middle East,57,87,No,Islam,No,No,No,No,5,No,No,No,https://upload.wikimedia.org/wikipedia/commons/thumb/5/54/Flag_of_Syria_%282025-%29.svg/500px-Flag_of_Syria_%282025-%29.svg.png
Tajikistan,Dushanbe,No,Asia,Central Asia,88,94,Yes,Islam,No,No,Yes,No,4,No,No,No,https://upload.wikimedia.org/wikipedia/commons/thumb/d/d0/Flag_of_Tajikistan.svg/500px-Flag_of_Tajikistan.svg.png
Tanzania,Dodoma,No,Africa,Eastern Africa,21,30,No,Chirstianity,No,No,No,No,8,No,No,No,https://upload.wikimedia.org/wikipedia/commons/thumb/3/38/Flag_of_Tanzania.svg/500px-Flag_of_Tanzania.svg.png
Thailand,Bangkok,No,Asia,South-eastern Asia,20,50,No,Buddhism,No,No,No,No,4,No,No,No,https://upload.wikimedia.org/wikipedia/commons/thumb/a/a9/Flag_of_Thailand.svg/500px-Flag_of_Thailand.svg.png
Timor-Leste,Dili,No,Asia,South-eastern Asia,152,154,No,Chirstianity,No,Yes,No,No,3,No,No,No,https://upload.wikimedia.org/wikipedia/commons/thumb/2/26/Flag_of_East_Timor.svg/500px-Flag_of_East_Timor.svg.png
Togo,Lomé,No,Africa,Western Africa,95,123,No,Chirstianity,No,No,No,No,0,No,No,No,https://upload.wikimedia.org/wikipedia/commons/thumb/7/7a/Flag_of_Togo_%283-2%29.svg/500px-Flag_of_Togo_%283-2%29.svg.png
Tonga,Nuku'alofa,No,Oceania,Polynesia,182,175,No,Chirstianity,No,Yes,No,No,0,No,No,No,https://upload.wikimedia.org/wikipedia/commons/thumb/9/9a/Flag_of_Tonga.svg/500px-Flag_of_Tonga.svg.png
Trinidad and Tobago,Port of Spain,No,North America,Caribbean,151,165,No,Chirstianity,No,Yes,No,No,0,No,No,No,https://upload.wikimedia.org/wikipedia/commons/thumb/6/64/Flag_of_Trinidad_and_Tobago.svg/500px-Flag_of_Trinidad_and_Tobago.svg.png
Tunisia,Tunis,Yes,Africa,North Africa,79,91,No,Islam,No,No,No,No,2,No,No,No,https://upload.wikimedia.org/wikipedia/commons/thumb/c/ce/Flag_of_Tunisia.svg/500px-Flag_of_Tunisia.svg.png
Turkey,Ankara,No,Asia,Western Asia,18,36,No,Islam,No,No,No,No,8,No,No,Yes,https://upload.wikimedia.org/wikipedia/commons/thumb/b/b4/Flag_of_Turkey.svg/500px-Flag_of_Turkey.svg.png
Turkmenistan,Ashgabat,No,Asia,Central Asia,103,52,Yes,Islam,No,No,No,No,4,No,No,No,https://upload.wikimedia.org/wikipedia/commons/thumb/1/1b/Flag_of_Turkmenistan.svg/500px-Flag_of_Turkmenistan.svg.png
Tuvalu,Funafuti,No,Oceania,Polynesia,194,192,No,Chirstianity,No,Yes,No,No,0,No,No,No,https://upload.wikimedia.org/wikipedia/commons/thumb/3/38/Flag_of_Tuvalu.svg/500px-Flag_of_Tuvalu.svg.png
Uganda,Kampala,No,Africa,Eastern Africa,31,79,Yes,Chirstianity,Yes,No,No,No,5,No,No,No,https://upload.wikimedia.org/wikipedia/commons/thumb/4/4e/Flag_of_Uganda.svg/500px-Flag_of_Uganda.svg.png
Ukraine,Kyiv,No,Europe,Eastern Europe,40,44,No,Chirstianity,No,No,No,No,7,No,No,No,https://upload.wikimedia.org/wikipedia/commons/thumb/4/49/Flag_of_Ukraine.svg/500px-Flag_of_Ukraine.svg.png
United Arab Emirates,Abu Dhabi,No,Asa,Middle East,85,114,No,Islam,No,No,No,Yes,2,No,No,No,https://upload.wikimedia.org/wikipedia/commons/thumb/c/cb/Flag_of_the_United_Arab_Emirates.svg/500px-Flag_of_the_United_Arab_Emirates.svg.png
United Kingdom,London,No,Europe,Northern Europe,22,78,No,Chirstianity,No,Yes,No,No,1,Yes,Yes,Yes,https://upload.wikimedia.org/wikipedia/en/thumb/a/ae/Flag_of_the_United_Kingdom.svg/500px-Flag_of_the_United_Kingdom.svg.png
United States,Washington DC,No,North America,,3,4,No,Chirstianity,No,No,No,No,2,Yes,No,Yes,https://upload.wikimedia.org/wikipedia/en/thumb/a/a4/Flag_of_the_United_States.svg/500px-Flag_of_the_United_States.svg.png
Uruguay,Montevideo,No,South America,,132,89,No,Chirstianity,No,No,No,No,2,No,Yes,No,https://upload.wikimedia.org/wikipedia/commons/thumb/f/fe/Flag_of_Uruguay.svg/500px-Flag_of_Uruguay.svg.png
Uzbekistan,Tashkent,No,Asia,Central Asia,43,56,Yes,Islam,No,No,No,No,5,No,No,No,https://upload.wikimedia.org/wikipedia/commons/thumb/8/84/Flag_of_Uzbekistan.svg/500px-Flag_of_Uzbekistan.svg.png
Vanuatu,Port Vila,No,Oceania,Melanesia,173,157,No,Chirstianity,No,Yes,No,No,0,No,No,No,https://upload.wikimedia.org/wikipedia/commons/thumb/b/bc/Flag_of_Vanuatu.svg/500px-Flag_of_Vanuatu.svg.png
Vatican City,Vatican City,Yes,Europe,Southern Europe,195,195,Yes,Chirstianity,No,No,No,No,1,No,No,No,https://upload.wikimedia.org/wikipedia/commons/thumb/b/b3/Flag_of_Vatican_City_%282023%E2%80%93present%29.svg/500px-Flag_of_Vatican_City_%282023%E2%80%93present%29.svg.png
Venezuela,Caracas,No,South America,,53,32,No,Chirstianity,No,No,No,No,3,No,No,No,https://upload.wikimedia.org/wikipedia/commons/thumb/7/7b/Flag_of_Venezuela_%28state%29.svg/500px-Flag_of_Venezuela_%28state%29.svg.png
Vietnam,Hanoi,No,Asia,South-eastern Asia,16,66,No,Buddhism,No,No,Yes,No,3,No,No,No,https://upload.wikimedia.org/wikipedia/commons/thumb/2/21/Flag_of_Vietnam.svg/500px-Flag_of_Vietnam.svg.png
Yemen,Sana'a,No,Asia,Middle East,37,49,No,Islam,No,No,No,No,2,No,No,No,https://upload.wikimedia.org/wikipedia/commons/thumb/8/89/Flag_of_Yemen.svg/500px-Flag_of_Yemen.svg.png
Zambia,Lusaka,No,Africa,Eastern Africa,62,38,Yes,Chirstianity,No,No,No,No,8,No,No,No,https://upload.wikimedia.org/wikipedia/commons/thumb/0/06/Flag_of_Zambia.svg/500px-Flag_of_Zambia.svg.png
Zimbabwe,Harare,No,Africa,Eastern Africa,73,60,Yes,Chirstianity,No,No,No,No,4,No,No,No,https://upload.wikimedia.org/wikipedia/commons/thumb/6/6a/Flag_of_Zimbabwe.svg/500px-Flag_of_Zimbabwe.svg.png